miRNA,Position,Ref_to_Alt,PositiveControlMutBowtie
hsa-let-7a-5p,1,T-C,19971
hsa-let-7a-5p,2,G-A,19807
hsa-let-7a-5p,3,A-G,20070
hsa-let-7a-5p,6,T-A,19778
hsa-let-7a-5p,6,T-C,20266
hsa-let-7a-5p,6,T-G,19735
hsa-let-7a-5p,7,A-G,20079
hsa-let-7a-5p,10,A-G,19924
hsa-let-7a-5p,13,T-C,19760
hsa-let-7a-5p,14,T-C,20111
hsa-let-7a-5p,21,T-C,19827
hsa-let-7f-5p,6,T-C,19940
hsa-let-7f-5p,6,T-G,19963
hsa-miR-1304-3p,13,C-A,19847
hsa-miR-22-3p,1,A-G,20086
hsa-miR-22-3p,2,A-G,19883
hsa-miR-22-3p,5,T-C,19921
hsa-miR-22-3p,6,G-A,19958
hsa-miR-22-3p,7,C-T,19880
hsa-miR-22-3p,8,C-T,20107
hsa-miR-22-3p,9,A-G,20092
hsa-miR-22-3p,11,T-C,20137
hsa-miR-22-3p,12,T-C,20158
hsa-miR-22-3p,14,A-G,19943
hsa-miR-22-3p,15,A-G,19842
hsa-miR-22-3p,17,A-G,19987
hsa-miR-22-3p,19,C-T,20296
hsa-miR-25-3p,1,C-T,19877
hsa-miR-25-3p,18,T-C,19987
hsa-miR-92a-3p,1,T-A,20180
hsa-miR-92a-3p,1,T-C,20118
hsa-miR-92a-3p,2,A-G,19964
hsa-miR-92a-3p,3,T-C,19975
hsa-miR-92a-3p,4,T-C,20100
hsa-miR-92a-3p,5,G-A,20037
hsa-miR-92a-3p,6,C-T,20208
hsa-miR-92a-3p,7,A-G,20304
hsa-miR-92a-3p,11,G-A,19946
hsa-miR-92a-3p,12,T-C,19867
hsa-miR-92a-3p,13,C-T,20070
hsa-miR-92a-3p,14,C-A,20030
hsa-miR-92a-3p,14,C-T,20134
hsa-miR-92a-3p,15,C-A,19896
hsa-miR-92a-3p,15,C-T,20206
hsa-miR-92a-3p,16,G-A,19949
hsa-miR-92a-3p,16,G-T,19853
hsa-miR-92a-3p,17,G-A,20024
hsa-miR-92a-3p,18,C-T,20112
hsa-miR-92a-3p,20,T-C,19823
hsa-miR-92a-3p,21,G-A,19972
